{
  "name": "root",
  "gauges": [
    {
      "name": "3DBallHard2.mean_reward",
      "value": -4.218085106382978,
      "min": -4.654986522911051,
      "max": -4.218085106382978,
      "count": 2
    }
  ],
  "total": 47.5711582,
  "count": 1,
  "self": 2.8462759000000375,
  "children": [
    {
      "name": "TrainerController.advance",
      "total": 44.72488229999996,
      "count": 2211,
      "self": 2.1086868000001004,
      "children": [
        {
          "name": "env_step",
          "total": 10.10162719999995,
          "count": 2211,
          "self": 9.036521899999808,
          "children": [
            {
              "name": "SubprocessEnvManager._take_step",
              "total": 1.0361558000000473,
              "count": 2211,
              "self": 1.0361558000000473
            },
            {
              "name": "workers",
              "total": 0.02894950000009433,
              "count": 2210,
              "self": 0.0,
              "children": [
                {
                  "name": "worker_root",
                  "total": 46.72842969999987,
                  "count": 2210,
                  "is_parallel": true,
                  "self": 39.36967569999986,
                  "children": [
                    {
                      "name": "batched_step_result_from_proto",
                      "total": 0.0012931999999999944,
                      "count": 1,
                      "is_parallel": true,
                      "self": 6.54999999999406e-05,
                      "children": [
                        {
                          "name": "_process_vector_observation",
                          "total": 0.0012277000000000537,
                          "count": 1,
                          "is_parallel": true,
                          "self": 0.0012277000000000537
                        }
                      ]
                    },
                    {
                      "name": "UnityEnvironment.step",
                      "total": 7.35746080000001,
                      "count": 2210,
                      "is_parallel": true,
                      "self": 0.25440179999982426,
                      "children": [
                        {
                          "name": "UnityEnvironment._generate_step_input",
                          "total": 0.28607780000012695,
                          "count": 2210,
                          "is_parallel": true,
                          "self": 0.28607780000012695
                        },
                        {
                          "name": "communicator.exchange",
                          "total": 6.270143300000034,
                          "count": 2210,
                          "is_parallel": true,
                          "self": 6.270143300000034
                        },
                        {
                          "name": "batched_step_result_from_proto",
                          "total": 0.546837900000025,
                          "count": 2210,
                          "is_parallel": true,
                          "self": 0.10766559999997183,
                          "children": [
                            {
                              "name": "_process_vector_observation",
                              "total": 0.43917230000005314,
                              "count": 2210,
                              "is_parallel": true,
                              "self": 0.43917230000005314
                            }
                          ]
                        }
                      ]
                    }
                  ]
                }
              ]
            }
          ]
        },
        {
          "name": "update_policy",
          "total": 32.514568299999915,
          "count": 2177,
          "self": 0.020181299999919133,
          "children": [
            {
              "name": "SACTrainer.update_policy",
              "total": 32.494386999999996,
              "count": 2177,
              "self": 20.671152899999964,
              "children": [
                {
                  "name": "SACPolicy.update",
                  "total": 11.823234100000032,
                  "count": 2177,
                  "self": 11.823234100000032
                }
              ]
            }
          ]
        }
      ]
    }
  ]
}