{"count":1,"gauges":{},"self":5.6454204,"total":43.0159218,"children":{"AgentResetIfDone":{"count":9484,"self":0.1099565,"total":0.1099565,"children":null},"AgentSendState":{"count":9484,"self":0.27280899999999997,"total":0.421427,"children":{"CollectObservations":{"count":22764,"self":0.148618,"total":0.148618,"children":null}}},"DecideAction":{"count":9484,"self":36.1217344,"total":36.3891614,"children":{"AgentInfo.ToProto":{"count":1897,"self":0.267428,"total":0.267428,"children":null}}},"AcademyStep":{"count":9484,"self":0.052364,"total":0.052364,"children":null},"AgentAct":{"count":9484,"self":0.39559849999999996,"total":0.39559849999999996,"children":null}}}