{"count":1,"gauges":{},"self":3.1496282,"total":46.4085758,"children":{"AgentResetIfDone":{"count":11051,"self":0.0349613,"total":0.0349613,"children":null},"AgentSendState":{"count":11051,"self":0.07255869999999999,"total":0.1234357,"children":{"CollectObservations":{"count":26532,"self":0.050877,"total":0.050877,"children":null}}},"DecideAction":{"count":11051,"self":42.6849024,"total":42.863299399999995,"children":{"AgentInfo.ToProto":{"count":2211,"self":0.1783978,"total":0.1783978,"children":null}}},"AcademyStep":{"count":11051,"self":0.0129651,"total":0.0129651,"children":null},"AgentAct":{"count":11051,"self":0.22229349999999998,"total":0.22229349999999998,"children":null}}}